Perovskite,Tolerance_factor_old,Tolerance_factor_new,Temperature_K,Growth_K,A_source,A_amount_mmol,B1_source,B1_amount_mmol,B2_source,B2_amount_mmol,X_source,X_amount_mmol,Phosphine,Phosphine_amount_mmol,Amine,Amine_amount_mmol,Carboxylic_acid,Carboxylic_acid_amount_mmol,Solvent_I,S_I_amount_mL,Solvent_II,S_II_amount_mL,Total_amount,Bandgap,Bandgap_from,Time_min,Diameter_nm,Diameter_from,DOI,Articles
Cs2CuSbCl6,1.01,4.10,438,443,cesium_acetate,0.65,copper_II_acetate,0.22,antimony_III_acetate,0.50,chlorotrimethylsilane,3.15,0,0.00,oleylamine,1.98,oleic_acid,9.19,octadecene,10.00,0,0.00,10.00,1.66,tauc_plot,0.02,22.80,TEM,10.1021/acs.jpclett.0c01968,1
Cs2AgSbCl6,0.94,3.80,443,443,cesium_acetate,0.65,silver_acetate,0.45,antimony_III_acetate,0.50,chlorotrimethylsilane,3.15,0,0.00,oleylamine,2.00,oleic_acid,7.92,octadecene,10.00,0,0.00,10.00,3.10,tauc_plot,0.02,12.20,TEM,10.1021/acs.jpclett.0c01968,1
Cs2AgInCl6,0.96,3.79,493,493,cesium_carbonate,0.16,silver_nitrate,0.36,indium_III_chloride,0.36,from_metal_salt,0.00,0,0.00,oleylamine,3.04,oleic_acid,3.68,octadecene,14.64,hydrochloric_acid,0.42,15.06,3.60,tauc_plot,5.00,22.80,TEM,10.1021/acs.jpclett.0c02553,2
Cs2AgBiBr6,0.90,3.79,413,413,cesium_carbonate,0.15,silver_nitrate,0.30,bismuth_III_neodecanoate,0.30,benzoyl_bromide,2.54,trioctylphosphine,0.30,oleylamine,0.73,oleic_acid,1.58,octadecene,10.00,0,0.00,10.00,2.28,tauc_plot,0.08,7.60,TEM,10.1007/s12274-020-3161-6,3
Cs2NaInCl6,0.97,3.84,438,448,cesium_acetate,0.65,sodium_acetate,0.45,indium_III_acetate,0.50,chlorotrimethylsilane,3.15,0,0.00,oleylamine,2.13,oleic_acid,8.87,octadecene,10.00,0,0.00,10.00,4.55,tauc_plot,0.02,12.50,TEM,10.1002/anie.201909525,4
Cs2AgInCl6,0.94,3.79,373,373,cesium_acetate,0.03,silver_acetate,0.05,indium_III_acetate,0.05,benzoyl_chloride,0.30,0,0.00,oleylamine,0.20,oleic_acid,0.80,xylene,1.00,0,0.00,1.00,4.15,tauc_plot,0.02,8.90,TEM,10.1021/acs.chemmater.8b04202,5
Cs2AgSbCl6,0.94,3.80,373,373,cesium_acetate,0.03,silver_acetate,0.02,antimony_III_acetate,0.05,2-ethyl_2-hexanoyl_chloride,0.60,0,0.00,oleylamine,0.20,oleic_acid,1.30,xylene,1.00,0,0.00,1.00,2.83,tauc_plot,0.02,8.30,TEM,10.1021/acs.chemmater.8b04202,5
Cs2AgInCl6,0.96,3.79,473,473,cesium_carbonate,0.10,silver_acetate,0.05,indium_III_acetate,0.20,chlorotrimethylsilane,3.55,0,0.00,oleylamine,0.70,oleic_acid,15.84,octadecene,6.13,0,0.00,6.13,3.33,tauc_plot,2.00,10.60,TEM,10.1021/acs.jpcc.8b12146,6
Cs2AgInCl6,0.96,3.79,453,453,cesium_carbonate,0.50,silver_acetate,0.50,indium_III_acetate,0.55,chlorotrimethylsilane,4.70,0,0.00,oleylamine,1.52,oleic_acid,3.17,octadecene,10.00,0,0.00,10.00,4.80,tauc_plot,0.50,12.40,TEM,10.1002/adom.202001866,7
Cs2AgBiBr6,0.90,3.96,418,418,cesium_acetate,0.70,silver_acetate,0.50,bismuth_III_acetate,0.50,bromotrimethylsilane,1.50,0,0.00,oleylamine,1.12,oleic_acid,4.75,octadecene,6.00,0,0.00,6.00,1.91,tauc_plot,0.50,8.90,TEM,10.1021/acsnano.0c00997,8
Cs2AgBiBr6,0.89,3.96,298,503,cesium_carbonate,0.09,silver_nitrate,0.20,bismuth_III_bromide,0.20,from_metal_salt,0.00,0,0.00,oleylamine,6.08,oleic_acid,6.34,octadecene,8.00,hydrobromic_acid,0.20,8.20,2.52,tauc_plot,0.08,16.30,TEM,10.1016/j.jcat.2021.03.007,9
Cs2NaBiCl6,0.92,3.79,503,503,cesium_acetate,0.36,sodium_acetate,0.18,bismuth_III_acetate,0.18,chlorotrimethylsilane,1.97,0,0.00,oleylamine,1.00,oleic_acid,3.96,octadecene,5.00,0,0.00,5.00,3.41,tauc_plot,0.17,15.90,TEM,10.1002/adom.201901919,10
Cs2AgInCl6,0.96,3.79,453,453,cesium_carbonate,0.50,silver_acetate,0.50,indium_III_acetate,0.55,chlorotrimethylsilane,4.70,0,0.00,oleylamine,1.52,oleic_acid,3.17,octadecene,10.00,0,0.00,10.00,4.80,tauc_plot,0.50,12.40,TEM,10.1002/adom.202001866,11
Cs2AgBiBr6,0.90,3.96,433,433,cesium_acetate,0.71,silver_acetate,0.50,bismuth_III_acetate,0.50,bromotrimethylsilane,3.79,0,0.00,oleylamine,2.00,oleic_acid,7.92,octadecene,10.00,0,0.00,10.00,2.35,tauc_plot,0.50,10.00,TEM,10.1016/j.cplett.2021.138440,12
Cs2AgInCl6,0.96,3.79,443,443,cesium_carbonate,0.40,silver_acetate,0.35,indium_III_acetate,0.70,chlorotrimethylsilane,14.34,0,0.00,oleylamine,3.04,oleic_acid,6.34,octadecene,20.00,hydrochloric_acid,0.20,20.20,4.60,tauc_plot,2.00,11.60,TEM,10.1039/D1SE00754H,13
Cs2AgBiBr6,0.89,3.96,298,503,cesium_carbonate,0.08,silver_nitrate,0.20,bismuth_III_bromide,0.10,from_metal_salt,0.00,0,0.00,oleylamine,3.95,oleic_acid,3.17,octadecene,4.00,hydrobromic_acid,0.07,4.07,2.06,tauc_plot,10.00,180.00,TEM,10.1021/acs.nanolett.0c04148,14
Cs4CuSb2Cl12,1.02,4.16,423,423,cesium_carbonate,0.07,copper_II_chloride,0.25,antimony_III_acetate,0.25,benzoyl_chloride,2.84,0,0.00,oleylamine,3.04,oleic_acid,3.17,diphenyl_ether,1.66,0,0.00,1.66,1.00,tauc_plot,0.17,3.90,TEM,10.1021/acsanm.0c02879,15
Cs4MnBi2Cl12,0.94,3.82,443,443,cesium_carbonate,0.12,manganese_II_chloride,0.26,bismuth_III_acetate,0.26,benzoyl_chloride,3.40,0,0.00,oleylamine,0.50,oleic_acid,1.50,octadecene,10.40,0,0.00,10.40,3.56,tauc_plot,0.50,11.60,TEM,10.1039/D0NR06771G,16
Cs4CdBi2Cl12,0.93,3.79,443,443,cesium_carbonate,0.12,cadmium_II_chloride,0.26,bismuth_III_acetate,0.26,benzoyl_chloride,3.40,0,0.00,oleylamine,0.50,oleic_acid,1.50,octadecene,10.40,0,0.00,10.40,3.49,tauc_plot,0.50,11.80,TEM,10.1039/D0NR06771G,16
Cs4CuSb2Cl12,1.02,4.16,453,453,cesium_carbonate,0.36,copper_II_acetate,0.13,antimony_III_acetate,0.25,chlorotrimethylsilane,1.98,0,0.00,oleylamine,1.25,oleic_acid,0.20,octadecene,5.00,0,0.00,5.00,1.79,tauc_plot,0.08,12.50,TEM,10.1021/jacs.0c04919,17
Cs2AgInCl6,0.94,3.79,378,378,cesium_carbonate,0.25,silver_acetate,0.24,indium_III_acetate,0.25,benzoyl_chloride,1.72,0,0.00,oleylamine,1.52,oleic_acid,3.17,diphenyl_ether,4.50,0,0.00,4.50,4.38,tauc_plot,0.08,9.80,TEM,10.1021/jacs.8b07983,18
Cs2AgBiBr6,0.89,3.96,433,433,cesium_acetate,0.71,silver_acetate,0.50,bismuth_III_acetate,0.50,bromotrimethylsilane,3.79,0,0.00,oleylamine,2.00,oleic_acid,7.92,octadecene,10.00,0,0.00,10.00,2.35,tauc_plot,0.50,10.00,TEM,10.1016/j.cplett.2021.138440,19
Cs2AgBiBr6,0.90,3.96,413,413,cesium_acetate,0.71,silver_acetate,0.50,bismuth_III_acetate,0.50,bromotrimethylsilane,2.70,0,0.00,oleylamine,1.87,oleic_acid,8.85,octadecene,10.00,0,0.00,10.00,2.33,tauc_plot,0.17,8.00,TEM,10.1021/acs.nanolett.7b04659,20
Cs2AgBiCl6,0.91,3.82,413,413,cesium_acetate,0.71,silver_acetate,0.50,bismuth_III_acetate,0.50,chlorotrimethylsilane,2.70,0,0.00,oleylamine,1.87,oleic_acid,8.85,octadecene,10.00,0,0.00,10.00,2.89,tauc_plot,0.17,8.20,TEM,10.1021/acs.nanolett.7b04659,20
Cs2AgInCl6,0.96,3.79,443,443,cesium_carbonate,0.40,silver_acetate,0.35,indium_III_acetate,0.70,chlorotrimethylsilane,14.27,0,0.00,oleylamine,3.04,oleic_acid,6.34,octadecene,20.00,hydrochloric_acid,0.20,20.20,4.60,tauc_plot,2.00,11.60,TEM,10.1039/d1se00754h,21
Cs4CdSb2Cl12,0.98,3.91,443,453,cesium_acetate,0.17,cadmium_II_acetate,0.25,antimony_III_acetate,0.50,chlorotrimethylsilane,3.14,0,0.00,oleylamine,2.00,oleic_acid,8.87,octadecene,10.00,0,0.00,10.00,3.15,tauc_plot,0.02,13.20,TEM,10.1002/adma.202007215,22
Cs4CdBi2Cl12,0.93,3.79,443,453,cesium_acetate,0.17,cadmium_II_acetate,0.25,bismuth_III_acetate,0.50,chlorotrimethylsilane,3.14,0,0.00,oleylamine,2.00,oleic_acid,8.87,octadecene,10.00,0,0.00,10.00,3.25,tauc_plot,0.02,11.40,TEM,10.1002/adma.202007215,22
Cs4MnSb2Cl12,1.01,4.02,443,453,cesium_acetate,0.17,manganese_II_acetate,0.25,antimony_III_acetate,0.50,chlorotrimethylsilane,3.14,0,0.00,oleylamine,2.00,oleic_acid,8.87,octadecene,10.00,0,0.00,10.00,3.17,tauc_plot,0.02,13.50,TEM,10.1002/adma.202007215,22
Cs4MnBi2Cl12,0.94,3.82,443,453,cesium_acetate,0.17,manganese_II_acetate,0.25,bismuth_III_acetate,0.50,chlorotrimethylsilane,3.14,0,0.00,oleylamine,2.00,oleic_acid,8.87,octadecene,10.00,0,0.00,10.00,3.27,tauc_plot,0.02,9.70,TEM,10.1002/adma.202007215,22
Cs2AgInCl6,0.96,3.79,453,453,cesium_carbonate,0.50,silver_acetate,0.50,indium_III_acetate,0.55,chlorotrimethylsilane,4.70,0,0.00,oleylamine,1.52,oleic_acid,3.17,octadecene,10.00,0,0.00,10.00,4.80,tauc_plot,0.50,12.40,TEM,10.1002/adom202001866,23
Cs2AgBiBr6,0.89,3.96,473,473,cesium_carbonate,0.09,silver_nitrate,0.20,bismuth_III_bromide,0.20,from_metal_salt,0.00,0,0.00,oleylamine,6.08,oleic_acid,6.65,octadecene,9.50,hydrobromic_acid,0.20,9.70,2.52,tauc_plot,0.08,16.30,TEM,10.1016/j.jcat.2021.03.007,24
Cs2AgBiBr6,0.89,3.96,473,473,cesium_carbonate,0.03,silver_bromide,0.11,bismuth_III_bromide,0.20,from_metal_salt,0.00,0,0.00,oleylamine,1.50,oleic_acid,3.26,octadecene,5.47,0,0.00,5.47,2.00,tauc_plot,3.00,9.70,TEM,10.1021/acs.chemmater.9b02149,25
Cs2AgBiBr6,0.90,3.96,473,473,cesium_carbonate,0.03,silver_bromide,0.11,bismuth_III_bromide,0.20,from_metal_salt,0.00,diisooctylphosphinic_acid,3.07,oleylamine,1.50,0,0.00,octadecene,5.47,0,0.00,5.47,2.00,tauc_plot,3.00,11.00,TEM,10.1021/acs.chemmater.9b02149,25
Cs2AgBiBr6,0.90,3.96,473,473,cesium_carbonate,0.03,silver_bromide,0.11,bismuth_III_bromide,0.20,from_metal_salt,0.00,0,0.00,oleylamine,1.52,oleic_acid,1.68,octadecene,5.47,0,0.00,5.47,2.00,tauc_plot,3.00,9.70,TEM,10.1021/acs.chemmater.9b02149,25
Cs2AgBiBr6,0.90,3.96,473,473,cesium_carbonate,0.03,silver_bromide,0.11,bismuth_III_bromide,0.20,from_metal_salt,0.00,0,0.00,oleylamine,0.76,oleic_acid,3.26,octadecene,5.47,0,0.00,5.47,2.00,tauc_plot,3.00,15.30,TEM,10.1021/acs.chemmater.9b02149,25
Cs2AgBiBr6,0.89,3.96,473,473,cesium_carbonate,0.03,silver_bromide,0.11,bismuth_III_bromide,0.20,from_metal_salt,0.00,0,0.00,oleylamine,0.38,oleic_acid,3.26,octadecene,5.47,0,0.00,5.47,2.00,tauc_plot,3.00,17.00,TEM,10.1021/acs.chemmater.9b02149,25
Cs2NaErCl6,0.94,3.80,458,468,cesium_acetate,0.65,sodium_acetate,0.45,erbium_III_acetate,0.50,chlorotrimethylsilane,3.15,0,0.00,oleylamine,1.98,oleic_acid,7.92,octadecene,10.00,0,0.00,10.00,4.58,tauc_plot,0.02,15.60,TEM,10.1002/lpor.202100218,26
Cs4SnBr3I3,0.87,4.13,453,453,cesium_carbonate,0.25,tin_II_bromide,0.20,tin_II_iodide,0.20,from_metal_salt,0.00,trioctylphosphine,0.90,oleylamine,0.30,oleic_acid,1.33,octadecene,13.16,0,0.00,13.16,3.20,tauc_plot,0.83,26.60,TEM,10.1039/D1NR06497E,27
Cs2AgBiCl6,0.91,3.82,473,473,cesium_carbonate,0.11,silver_nitrate,0.10,bismuth_III_chloride,0.1015,from_metal_salt,0.00,0,0.00,oleylamine,3.04,oleic_acid,3.52,octadecene,10.89,0,0.00,10.89,2.93,tauc_plot,1.00,15.80,TEM,10.1016/j.materresbull.2021.111645,28
Cs2AgBiCl6,0.91,3.82,413,413,cesium_acetate,0.71,silver_acetate,0.50,bismuth_III_acetate,0.50,chlorotrimethylsilane,2.70,0,0.00,oleylamine,1.87,oleic_acid,8.85,octadecene,10.00,0,0.00,10.00,3.39,tauc_plot,0.25,12.90,TEM,10.1021/acs.jpclett.9b02168,29
Cs2AgInCl6,0.94,3.79,378,378,cesium_carbonate,0.25,silver_acetate,0.24,indium_III_acetate,0.25,benzoyl_chloride,1.72,0,0.00,oleylamine,1.52,oleic_acid,6.34,diphenyl_ether,4.50,0,0.00,4.50,4.21,tauc_plot,0.02,17.00,TEM,10.1021/acsomega.1c03290,30
Cs2AgBiBr6,0.89,3.96,423,423,cesium_acetate,0.71,silver_acetate,0.50,bismuth_III_acetate,0.50,bromotrimethylsilane,2.70,0,0.00,oleylamine,1.82,oleic_acid,8.87,octadecene,10.00,0,0.00,10.00,2.89,spectra,0.17,9.00,TEM,10.1021/acs.chemmater.9b04243,31
Cs2NaBiCl6,0.92,3.79,413,413,cesium_carbonate,0.25,sodium_acetate,0.25,bismuth_III_acetate,0.25,benzoyl_chloride,1.89,0,0.00,oleylamine,1.82,oleic_acid,3.80,dioctyl_ether,4.50,0,0.00,4.50,3.70,spectra,0.02,10.10,TEM,10.1021/acsenergylett.0c00914,32
Cs4CuSb2Cl12,1.02,4.16,423,423,cesium_carbonate,0.07,copper_II_chloride,0.25,antimony_III_acetate,0.25,benzoyl_chloride,2.84,0,0.00,0,0.00,oleic_acid,3.58,diphenyl_ether,2.54,0,0.00,2.54,1.56,tauc_plot,0.17,3.90,TEM,10.1021/acsanm.0c02879,33
Cs2NaBiCl6,0.92,3.79,441,453,cesium_carbonate,0.65,sodium_acetate,0.45,bismuth_III_acetate,0.50,chlorotrimethylsilane,3.15,0,0.00,oleylamine,2.13,oleic_acid,8.87,0,0.00,0,0.00,0.00,3.80,spectra,0.02,10.62,TEM,10.1021/acscentsci.0c00056,34
Cs2NaInCl6,0.96,3.84,441,453,cesium_carbonate,0.65,sodium_acetate,0.45,indium_III_acetate,0.50,chlorotrimethylsilane,3.15,0,0.00,oleylamine,2.13,oleic_acid,8.87,0,0.00,0,0.00,0.00,3.80,spectra,0.02,11.82,TEM,10.1021/acscentsci.0c00056,34
Cs2AgBiBr6,0.89,3.96,433,433,cesium_acetate,0.71,silver_oxide,0.50,bismuth_III_neodecanoate,0.75,benzoyl_bromide,16.84,0,0.00,oleylamine,3.65,oleic_acid,3.80,octadecene,11.00,0,0.00,11.00,2.25,tauc_plot,0.25,15.00,TEM,10.1002/er.6924,35
Cs4CdSb2Cl12,0.99,3.91,433,433,cesium_carbonate,0.36,cadmium_II_acetate,0.13,antimony_III_acetate,0.25,benzoyl_chloride,3.44,0,0.00,oleylamine,2.66,oleic_acid,6.34,dioctyl_ether,4.40,0,0.00,4.40,3.80,spectra,0.02,10.70,TEM,10.1039/d1nr06200j,36
Cs4MnSb2Cl12,1.01,4.02,433,433,cesium_carbonate,0.36,manganese_II_acetate,0.13,antimony_III_acetate,0.25,benzoyl_chloride,3.44,0,0.00,oleylamine,2.66,oleic_acid,6.34,dioctyl_ether,4.40,0,0.00,4.40,3.80,spectra,0.02,12.40,TEM,10.1039/d1nr06200j,36
Cs2AgSbCl6,0.97,3.80,503,503,cesium_carbonate,0.16,silver_nitrate,0.50,antimony_III_chloride,0.50,from_metal_salt,0.00,0,0.00,oleylamine,3.04,oleic_acid,3.68,octadecene,14.64,0,0.00,14.64,3.45,spectra,0.08,9.50,TEM,10.1063/1.5127971,37
Cs2AgBiCl6,0.90,3.82,503,503,cesium_carbonate,0.16,silver_nitrate,0.50,bismuth_III_chloride,0.50,from_metal_salt,0.00,0,0.00,oleylamine,3.04,oleic_acid,3.68,octadecene,14.64,0,0.00,14.64,3.39,spectra,0.08,10.70,TEM,10.1063/1.5127971,37
Cs2AgBiBr6,0.89,3.96,473,473,cesium_carbonate,0.05,silver_nitrate,0.10,bismuth_III_bromide,0.10,from_metal_salt,0.00,0,0.00,oleylamine,3.04,oleic_acid,4.75,octadecene,4.75,hydrobromic_acid,0.10,4.85,2.52,tauc_plot,0.08,9.50,TEM,10.1002/smll.201703762,38
Cs3Bi2I6Cl3,0.90,3.98,393,393,cesium_carbonate,0.04,bismuth_III_iodide,0.26,bismuth_III_chloride,0.13,from_metal_salt,0.00,0,0.00,oleylamine,3.04,oleic_acid,1.04,octadecene,10.56,0,0.00,10.56,2.50,spectra,0.08,20.00,TEM,10.1002/anie.202005966,39
Cs2AgInCl6,0.96,3.79,373,373,cesium_acetate,0.13,silver_acetate,0.25,indium_III_acetate,0.25,benzoyl_chloride,1.50,0,0.00,oleylamine,1.14,oleic_acid,3.96,xylene,5.00,0,0.00,5.00,2.38,spectra,0.02,7.50,TEM,10.1021/acs.chemmater.0c04536,40
Cs2AgInCl6,0.96,3.79,378,378,cesium_carbonate,0.25,silver_acetate,0.24,indium_III_acetate,0.25,benzoyl_chloride,1.72,0,0.00,oleylamine,1.52,oleic_acid,3.17,diphenyl_ether,4.50,0,0.00,4.50,3.46,tauc_plot,0.08,14.60,TEM,10.1021/acs.chemmater.9b02973,41
Cs2AgBiCl6,0.90,3.82,378,378,cesium_carbonate,0.25,silver_acetate,0.24,bismuth_III_acetate,0.25,benzoyl_chloride,1.72,0,0.00,oleylamine,1.52,oleic_acid,3.17,diphenyl_ether,4.500,0,0.00,4.50,2.87,tauc_plot,0.08,8.00,TEM,10.1021/acs.chemmater.9b02973,41
Cs2AgBiBr6,0.89,3.96,423,423,cesium_carbonate,0.01,silver_bromide,0.06,bismuth_III_bromide,0.12,from_metal_salt,0.00,0,0.00,octylamine,2.42,oleic_acid,3.96,octadecene,10.00,octanoic_acid,0.40,10.40,2.32,tauc_plot,5.00,200.00,TEM,10.1007/s12274-021-3343-x,42
Cs2AgBiBr6,0.90,3.96,423,423,cesium_carbonate,0.01,silver_bromide,0.06,bismuth_III_bromide,0.12,from_metal_salt,0.00,0,0.00,octylamine,2.42,oleic_acid,3.96,octadecene,10.00,octanoic_acid,0.40,10.40,2.32,spectra,5.00,15.00,TEM,10.1007/s12274-021-3343-x,42
Cs2NaInCl6,0.97,3.84,413,413,cesium_carbonate,0.30,sodium_acetate,0.30,indium_III_acetate,0.30,benzoyl_chloride,2.54,trioctylphosphine,0.67,oleylamine,1.52,oleic_acid,3.17,octadecene,10.00,0,0.00,10.00,4.20,tauc_plot,0.08,8.40,TEM,10.1021/acsami.1c10782,43
Cs2AgBiCl6,0.91,3.82,418,418,cesium_acetate,0.43,silver_acetate,0.30,bismuth_III_acetate,0.30,chlorotrimethylsilane,1.58,0,0.00,oleylamine,1.12,oleic_acid,5.39,octadecene,6.00,0,0.00,6.00,3.40,spectra,0.02,8.50,TEM,10.1021/acsami.9b02367,44
Cs2AgBiBr6,0.89,3.96,418,418,cesium_acetate,0.43,silver_acetate,0.30,bismuth_III_acetate,0.30,bromotrimethylsilane,1.52,0,0.00,oleylamine,1.12,oleic_acid,5.39,octadecene,6.00,0,0.00,6.00,2.91,spectra,0.02,8.40,TEM,10.1021/acsami.9b02367,44
Cs2AgInCl6,0.94,3.79,388,388,cesium_carbonate,0.25,silver_acetate,0.24,indium_III_acetate,0.25,benzoyl_chloride,1.72,0,0.00,oleylamine,0.50,oleic_acid,1.00,diphenyl_ether,4.50,0,0.00,4.50,3.40,spectra,0.17,14.60,TEM,10.1016/j.scib.2020.03.010,45
Cs2AgSbBr6,0.95,3.96,453,453,cesium_acetate,0.71,silver_acetate,0.50,antimony_III_acetate,0.50,bromotrimethylsilane,3.79,0,0.00,oleylamine,2.00,oleic_acid,7.92,octadecene,10.00,0,0.00,10.00,2.76,spectra,0.50,14.30,TEM,10.1002/anie.201811610,46
Cs2AgSbCl6,0.97,3.80,453,453,cesium_acetate,0.71,silver_acetate,0.50,antimony_III_acetate,0.50,chlorotrimethylsilane,3.96,0,0.00,oleylamine,2.00,oleic_acid,7.92,octadecene,10.00,0,0.00,10.00,3.40,spectra,0.50,9.10,TEM,10.1002/anie.201811610,46
Cs2AgBiCl6,0.91,3.82,413,413,cesium_acetate,0.71,silver_acetate,0.50,bismuth_III_acetate,0.50,chlorotrimethylsilane,2.70,0,0.00,oleylamine,1.87,oleic_acid,8.87,octadecene,10.00,0,0.00,10.00,3.40,spectra,0.17,11.80,TEM,10.1016/j.scib.2020.03.010,47
Cs2AgBiCl6,0.90,3.82,298,503,cesium_carbonate,0.08,silver_nitrate,0.20,bismuth_III_chloride,0.10,from_metal_salt,0.00,0,0.00,oleylamine,3.95,oleic_acid,3.17,octadecene,4.00,hydrochloric_acid,0.10,4.10,3.30,spectra,10.00,120.00,TEM,10.1021/acs.nanolett.0c04148,48
Cs4MnBi2Cl12,0.94,3.82,383,383,cesium_acetate,0.72,manganese_II_acetate,0.18,bismuth_III_acetate,0.36,chlorotrimethylsilane,2.16,0,0.00,oleylamine,2.13,oleic_acid,7.92,octadecene,10.00,0,0.00,10.00,3.73,spectra,1.00,17.50,TEM,10.1039/d2nr00565d,49
Cs2AgInCl6,0.94,3.79,443,453,cesium_acetate,0.71,silver_acetate,0.50,indium_III_acetate,0.50,chlorotrimethylsilane,2.70,0,0.00,oleylamine,2.01,oleic_acid,8.87,octadecene,10.00,0,0.00,10.00,4.90,spectra,8.00,12.80,TEM,10.1021/acs.nanolett.1c03527,50
Cs2AgInCl6,0.94,3.79,443,453,cesium_acetate,0.71,silver_acetate,0.50,indium_III_acetate,0.50,germanium_IV_chloride,0.68,0,0.00,oleylamine,2.01,oleic_acid,8.87,octadecene,10.00,0,0.00,10.00,5.00,spectra,8.00,10.00,TEM,10.1021/acs.nanolett.1c03527,50
Cs4CuIn2Cl12,1.01,4.10,453,453,cesium_acetate,0.71,copper_II_acetate,0.25,indium_III_acetate,0.50,chlorotrimethylsilane,3.94,0,0.00,oleylamine,2.01,oleic_acid,7.92,octadecene,10.00,0,0.00,10.00,3.82,tauc_plot,1.00,17.10,TEM,10.1021/acs.nanolett.1c03822,51
Cs4CuIn2Cl12,1.01,4.10,453,453,cesium_acetate,0.71,copper_II_acetate,0.25,indium_III_acetate,0.50,chlorotrimethylsilane,3.94,0,0.00,oleylamine,2.01,oleic_acid,7.92,octadecene,10.00,0,0.00,10.00,3.56,tauc_plot,1.00,74.10,TEM,10.1021/acs.nanolett.1c03822,51
Cs4CuSb2Cl12,1.02,4.16,453,453,cesium_acetate,0.36,copper_II_acetate,0.13,antimony_III_acetate,0.25,chlorotrimethylsilane,1.97,0,0.00,oleylamine,2.01,oleic_acid,4.75,octadecene,5.00,0,0.00,5.00,1.81,tauc_plot,0.08,13.40,TEM,10.1039/d1tc05647f,52
Cs2HfCl6,1.04,4.27,473,473,cesium_acetate,0.71,just_one_B,0.00,hafnium_IV_acetylacetonate,0.71,chlorotrimethylsilane,3.15,0,0.00,oleylamine,1.87,oleic_acid,8.87,octadecene,10.00,0,0.00,10.00,4.00,spectra,5.00,20.00,TEM,10.1002/lpor.202100439,53
Cs3Bi2I9,0.89,4.17,453,453,cesium_carbonate,0.04,just_one_B,0.00,bismuth_III_iodide,0.38,from_metal_salt,0.00,0,0.00,oleylamine,3.04,oleic_acid,3.30,octadecene,10.56,0,0.00,10.56,1.96,spectra,0.08,40.00,TEM,10.1021/acs.inorgchem.8b02887,54
Cs3Sb2Br9,1.00,4.31,483,483,cesium_carbonate,2.50,just_one_B,0.00,antimony_III_bromide,0.20,from_metal_salt,0.00,0,0.00,oleylamine,1.52,octanoic_acid,56.77,octadecene,22.50,0,0.00,22.50,2.64,spectra,0.50,37.00,TEM,10.1039/c9nr07722g,55
Cs3Bi2I9,0.89,4.17,393,393,cesium_carbonate,0.01,just_one_B,0.00,bismuth_III_iodide,0.01,from_metal_salt,0.00,0,0.00,oleylamine,0.46,oleic_acid,0.51,octadecene,1.67,0,0.00,1.67,2.53,spectra,0.50,39.50,TEM,10.1039/c7cc07223f,56
Cs3Bi2I9,0.89,4.17,453,453,cesium_carbonate,1.07,just_one_B,0.00,bismuth_III_iodide,0.17,from_metal_salt,0.00,0,0.00,oleylamine,24.31,oleic_acid,10.30,octadecene,30.00,0,0.00,30.00,2.86,tauc_plot,0.17,5.00,TEM,10.1021/acs.jpcc.8b03542,57
Rb3Bi2I9,0.86,4.39,453,453,rubidium_carbonate,1.52,just_one_B,0.00,bismuth_III_iodide,0.17,from_metal_salt,0.00,0,0.00,oleylamine,24.31,oleic_acid,10.30,octadecene,30.00,0,0.00,30.00,2.28,spectra,0.17,4.50,TEM,10.1021/acs.jpcc.8b03542,57
Cs3Bi2I9,0.89,4.17,433,433,cesium_acetate,0.13,just_one_B,0.00,bismuth_III_acetate,0.50,trimethylsilyl_iodide,1.76,0,0.00,oleylamine,0.56,oleic_acid,7.08,octadecene,3.80,0,0.00,3.80,2.58,spectra,0.25,24.90,TEM,10.1021/acs.chemmater.9b00640,58
Cs3Bi2Cl9,0.92,3.79,433,433,cesium_acetate,0.25,just_one_B,0.00,bismuth_III_acetate,0.50,chlorotrimethylsilane,3.94,0,0.00,oleylamine,0.93,oleic_acid,14.16,octadecene,7.60,0,0.00,7.60,3.44,spectra,0.25,22.50,TEM,10.1021/acs.chemmater.9b00640,58
Cs3Bi2Br9,0.91,3.94,433,433,cesium_acetate,0.25,just_one_B,0.00,bismuth_III_acetate,0.50,bromotrimethylsilane,3.79,0,0.00,oleylamine,0.93,oleic_acid,14.16,octadecene,7.60,0,0.00,7.60,2.88,spectra,0.25,22.50,TEM,10.1021/acs.chemmater.9b00640,58
Cs3Bi2Br9,0.91,3.94,483,483,cesium_carbonate,0.01,just_one_B,0.00,bismuth_III_bromide,0.30,from_metal_salt,0.00,0,0.00,oleylamine,30.39,oleic_acid,34.85,0,0.00,0,0.00,0.00,2.83,spectra,1.00,17.00,TEM,10.1016/j.jphotochem.2021.113460,59
Cs3Bi2Br9,0.91,3.94,483,483,cesium_carbonate,0.01,just_one_B,0.00,bismuth_III_bromide,0.30,from_metal_salt,0.00,0,0.00,oleylamine,30.39,oleic_acid,34.85,0,0.00,0,0.00,0.00,2.79,spectra,5.00,23.00,TEM,10.1016/j.jphotochem.2021.113460,59
Cs3Bi2Br9,0.91,3.94,483,483,cesium_carbonate,0.01,just_one_B,0.00,bismuth_III_bromide,0.30,from_metal_salt,0.00,0,0.00,oleylamine,30.39,oleic_acid,34.85,0,0.00,0,0.00,0.00,2.78,spectra,10.00,40.00,TEM,10.1016/j.jphotochem.2021.113460,59
Cs3Bi2I9,0.89,4.17,373,373,cesium_carbonate,0.01,just_one_B,0.00,bismuth_III_iodide,0.06,from_metal_salt,0.00,0,0.00,oleylamine,0.52,oleic_acid,0.57,octadecene,1.76,0,0.00,1.76,2.15,tauc_plot,5.00,18.00,TEM,10.1021/acs.jpclett.7b01381,60
Cs3Bi2Br9,0.91,3.94,443,443,cesium_carbonate,0.04,just_one_B,0.00,bismuth_III_bromide,0.10,from_metal_salt,0.00,trioctylphosphine,0.22,oleylamine,1.82,oleic_acid,1.90,octadecene,8.00,0,0.00,8.00,2.72,tauc_plot,2.00,70.00,TEM,10.1021/acsanm.0c02288,61
Cs3Bi2I9,0.89,4.17,453,453,cesium_carbonate,0.04,just_one_B,0.00,bismuth_III_iodide,0.10,from_metal_salt,0.00,0,0.00,oleylamine,2.13,oleic_acid,2.22,octadecene,8.00,0,0.00,8.00,1.97,tauc_plot,2.00,90.00,TEM,10.1021/acsanm.0c02288,61
Cs3Bi2Br9,0.91,3.94,393,393,cesium_acetate,0.71,just_one_B,0.00,bismuth_III_neodecanoate,1.00,benzoyl_bromide,8.42,0,0.00,oleylamine,5.77,oleic_acid,8.87,octadecene,11.00,0,0.00,11.00,2.74,tauc_plot,0.17,3.00,TEM,10.1166/jnn.2020.17495,62
Cs3Sb2Br9,1.00,4.31,453,453,cesium_carbonate,0.03,just_one_B,0.00,antimony_III_bromide,0.10,from_metal_salt,0.00,0,0.00,oleylamine,1.22,octanoic_acid,3.17,octadecene,10.27,oleic_acid,0.03,10.30,2.76,spectra,0.50,25.00,TEM,10.1080/15980316.2019.1664651,63
Cs3Sb2Br9,1.00,4.31,453,453,cesium_carbonate,0.03,just_one_B,0.00,antimony_III_bromide,0.10,from_metal_salt,0.00,0,0.00,oleylamine,1.22,octanoic_acid,3.17,octadecene,10.27,oleic_acid,0.03,10.30,2.76,spectra,1.00,25.00,TEM,10.1080/15980316.2019.1664651,63
Cs3Sb2Cl9,1.02,4.11,373,373,cesium_acetate,0.08,just_one_B,0.00,antimony_III_acetate,0.05,chlorotrimethylsilane,0.23,0,0.00,0,0.00,oleic_acid,1.58,dodecanol,5.00,0,0.00,5.00,3.15,tauc_plot,0.17,1.70,TEM,10.1021/acs.inorgchem.9b01893,64
Cs3Sb2Br9,1.00,4.31,373,373,cesium_acetate,0.08,just_one_B,0.00,antimony_III_acetate,0.05,bromotrimethylsilane,0.23,0,0.00,0,0.00,oleic_acid,1.58,dodecanol,5.00,0,0.00,5.00,2.53,tauc_plot,0.17,2.80,TEM,10.1021/acs.inorgchem.9b01893,64
Cs3Sb2I9,0.97,4.63,373,373,cesium_acetate,0.08,just_one_B,0.00,antimony_III_acetate,0.05,trimethylsilyl_iodide,0.23,0,0.00,0,0.00,oleic_acid,1.58,dodecanol,5.00,0,0.00,5.00,1.97,tauc_plot,0.17,2.30,TEM,10.1021/acs.inorgchem.9b01893,65
Cs3Bi2Cl9,0.92,3.79,373,373,cesium_acetate,0.08,just_one_B,0.00,bismuth_III_acetate,0.05,chlorotrimethylsilane,0.23,0,0.00,0,0.00,oleic_acid,1.58,dodecanol,5.00,0,0.00,5.00,3.09,tauc_plot,0.17,2.90,TEM,10.1021/acs.inorgchem.9b01893,65
Cs3Bi2Br9,0.91,3.94,373,373,cesium_acetate,0.08,just_one_B,0.00,bismuth_III_acetate,0.05,bromotrimethylsilane,0.23,0,0.00,0,0.00,oleic_acid,1.58,dodecanol,5.00,0,0.00,5.00,2.64,tauc_plot,0.17,3.80,TEM,10.1021/acs.inorgchem.9b01893,65
Cs3Bi2I9,0.89,4.17,373,373,cesium_acetate,0.08,just_one_B,0.00,bismuth_III_acetate,0.05,trimethylsilyl_iodide,0.23,0,0.00,0,0.00,oleic_acid,1.58,dodecanol,5.00,0,0.00,5.00,2.05,tauc_plot,0.17,2.30,TEM,10.1021/acs.inorgchem.9b01893,65
Cs3Sb2Br9,1.00,4.31,453,453,cesium_carbonate,0.03,just_one_B,0.00,antimony_III_bromide,0.10,from_metal_salt,0.00,0,0.00,oleylamine,1.22,octanoic_acid,3.17,octadecene,10.27,oleic_acid,0.03,10.30,2.76,spectra,5.00,100.00,TEM,10.1080/15980316.2019.1664651,66
Cs3BiCl6,0.92,3.79,433,433,cesium_acetate,1.00,just_one_B,0.00,bismuth_III_acetate,0.50,chlorotrimethylsilane,3.00,0,0.00,oleylamine,7.48,oleic_acid,7.08,octadecene,10.14,0,0.00,10.14,3.65,spectra,0.25,14.20,TEM,10.1021/acs.chemmater.9b00640,67
Cs3PrCl6,0.93,3.79,413,413,cesium_carbonate,0.12,just_one_B,0.00,praseodymium_III_chloride,0.40,from_metal_salt,0.00,0,0.00,oleylamine,6.08,oleic_acid,6.72,octadecene,21.88,0,0.00,21.88,2.40,spectra,0.17,12.19,TEM,10.1021/acsaelm.1c00422,68
Cs3InBr6,0.98,4.20,413,413,cesium_carbonate,5.00,just_one_B,0.00,indium_III_bromide,0.20,from_metal_salt,0.00,0,0.00,oleylamine,1.52,oleic_acid,17.42,octadecene,25.00,0,0.00,25.00,3.08,tauc_plot,0.17,20.50,TEM,10.1016/j.nantod.2021.101153,69
Cs2SnBr6,1.02,4.56,453,453,cesium_carbonate,0.05,just_one_B,0.00,tin_IV_bromide,0.68,from_metal_salt,0.00,trioctylphosphine,2.24,oleylamine,1.82,oleic_acid,2.06,octadecene,10.75,0,0.00,10.75,3.78,tauc_plot,1.00,58.00,TEM,10.1021/acsanm.0c03273,70
Cs2SnCl6,1.04,4.34,493,493,cesium_carbonate,0.16,just_one_B,0.00,tin_II_chloride,0.36,from_metal_salt,0.00,0,0.00,oleylamine,3.04,oleic_acid,3.67,octadecene,14.64,0,0.00,14.64,4.12,spectra,2.00,14.25,TEM,10.1021/acs.jpclett.9b03035,71
Cs2SnBr6,1.02,4.56,493,493,cesium_carbonate,0.05,just_one_B,0.00,tin_IV_bromide,0.24,from_metal_salt,0.00,0,0.00,oleylamine,0.61,oleic_acid,0.79,octadecene,5.45,0,0.00,5.45,3.33,tauc_plot,1.00,3.00,TEM,10.3389/felec.2021.703182,72
Cs2SnI6,1.00,4.91,493,493,cesium_carbonate,0.05,just_one_B,0.00,tin_IV_iodide,0.24,from_metal_salt,0.00,0,0.00,oleylamine,0.61,oleic_acid,0.79,octadecene,5.45,0,0.00,5.45,1.57,tauc_plot,1.00,3.00,TEM,10.3389/felec.2021.703182,72
Cs2SnI6,1.00,4.91,493,493,cesium_carbonate,0.05,just_one_B,0.00,tin_IV_iodide,0.24,from_metal_salt,0.00,0,0.00,hexylamine,1.51,oleic_acid,0.79,octadecene,5.45,0,0.00,5.45,2.39,tauc_plot,1.00,10.00,TEM,10.3389/felec.2021.703182,72
K3SbCl6,0.95,4.19,413,413,potassium_carbonate,0.09,just_one_B,0.00,antimony_III_chloride,0.40,from_metal_salt,0.00,0,0.00,oleylamine,3.04,oleic_acid,3.45,octadecene,10.71,0,0.00,10.71,3.78,spectra,0.50,15.30,TEM,10.1016/j.cej.2020.127415,73
K3SbCl6,0.95,4.19,433,433,potassium_carbonate,0.09,just_one_B,0.00,antimony_III_chloride,0.40,from_metal_salt,0.00,0,0.00,oleylamine,3.04,oleic_acid,3.45,octadecene,10.71,0,0.00,10.71,3.78,spectra,0.50,15.80,TEM,10.1016/j.cej.2020.127415,73
K3SbCl6,0.95,4.19,453,453,potassium_carbonate,0.09,just_one_B,0.00,antimony_III_chloride,0.40,from_metal_salt,0.00,0,0.00,oleylamine,3.04,oleic_acid,3.45,octadecene,10.71,0,0.00,10.71,3.78,spectra,0.50,16.20,TEM,10.1016/j.cej.2020.127415,73
Cs2SnI6,1.00,4.91,483,483,cesium_carbonate,0.04,just_one_B,0.00,tin_IV_iodide,0.19,from_metal_salt,0.00,0,0.00,0,0.00,oleic_acid,1.74,octadecene,8.35,0,0.00,8.35,1.92,tauc_plot,1.00,12.50,TEM,10.1088/1361-6528/ab13f6,74
Cs2SnI6,1.00,4.91,493,493,cesium_carbonate,0.05,just_one_B,0.00,tin_IV_iodide,0.24,from_metal_salt,0.00,0,0.00,oleylamine,0.61,oleic_acid,0.79,octadecene,6.45,0,0.00,6.45,1.00,DFT,1.00,20.00,TEM,10.1016/j.cplett.2021.139023,75
Cs3InCl6,1.00,4.01,448,458,cesium_acetate,0.90,just_one_B,0.00,indium_III_acetate,0.45,chlorotrimethylsilane,3.94,0,0.00,oleylamine,1.98,oleic_acid,8.87,octadecene,10.00,0,0.00,10.00,2.61,spectra,0.02,14.00,TEM,10.1002/adom.202101344,76
Rb3InCl6,0.96,4.07,448,458,rubidium_acetate,0.90,just_one_B,0.00,indium_III_acetate,0.45,chlorotrimethylsilane,3.94,0,0.00,oleylamine,1.98,oleic_acid,8.87,octadecene,10.00,0,0.00,10.00,2.61,spectra,0.02,14.00,TEM,10.1002/adom.202101344,76
Cs2SnI6,1.00,4.91,493,493,cesium_carbonate,0.05,just_one_B,0.00,tin_IV_iodide,0.24,from_metal_salt,0.00,0,0.00,oleylamine,0.76,oleic_acid,0.79,octadecene,6.40,0,0.00,6.40,1.67,spectra,0.25,2.86,TEM,10.3389/fchem.2020.00035,77
Cs2SnI6,1.00,4.91,493,493,cesium_carbonate,0.05,just_one_B,0.00,tin_IV_iodide,0.24,from_metal_salt,0.00,0,0.00,oleylamine,0.76,oleic_acid,0.79,octadecene,6.40,0,0.00,6.40,1.57,tauc_plot,1.00,3.16,TEM,10.3389/fchem.2020.00035,77
Cs2SnI6,1.00,4.91,493,493,cesium_carbonate,0.05,just_one_B,0.00,tin_IV_iodide,0.24,from_metal_salt,0.00,0,0.00,oleylamine,0.76,oleic_acid,0.79,octadecene,6.40,0,0.00,6.40,1.58,spectra,2.00,3.19,TEM,10.3389/fchem.2020.00035,77
Cs2SnI6,1.00,4.91,493,493,cesium_carbonate,0.05,just_one_B,0.00,tin_IV_iodide,0.24,from_metal_salt,0.00,0,0.00,oleylamine,0.76,oleic_acid,0.79,octadecene,6.40,0,0.00,6.40,1.56,spectra,10.00,3.21,TEM,10.3389/fchem.2020.00035,77
Cs2SnBr6,1.02,4.56,493,493,cesium_carbonate,0.05,just_one_B,0.00,tin_IV_bromide,0.24,from_metal_salt,0.00,0,0.00,oleylamine,0.76,oleic_acid,0.79,octadecene,6.40,0,0.00,6.40,3.33,tauc_plot,1.00,3.18,TEM,10.3389/fchem.2020.00035,77
Cs2SnCl6,1.04,4.34,493,493,cesium_carbonate,0.05,just_one_B,0.00,tin_IV_chloride,0.24,from_metal_salt,0.00,0,0.00,oleylamine,0.76,oleic_acid,0.79,octadecene,6.40,0,0.00,6.40,3.86,tauc_plot,1.00,6.40,TEM,10.3389/fchem.2020.00035,77
Cs4SnBr6,0.87,4.03,403,403,cesium_carbonate,0.20,just_one_B,0.00,tin_II_bromide,1.25,from_metal_salt,0.00,trioctylphosphine,2.69,oleylamine,0.61,oleic_acid,0.63,octadecene,0.20,0,0.00,0.20,3.37,spectra,1.00,20.00,TEM,10.1021/acs.jpclett.9b03685,78
Cs4SnBr6,0.87,4.03,483,483,cesium_carbonate,0.40,just_one_B,0.00,tin_II_bromide,2.50,from_metal_salt,0.00,trioctylphosphine,8.97,oleylamine,1.22,oleic_acid,1.27,octadecene,0.40,0,0.00,0.40,3.48,spectra,1.00,100.00,TEM,10.1021/acs.jpclett.1c02542,79
Cs2ZrCl6,1.03,4.23,473,473,cesium_acetate,0.71,just_one_B,0.00,zirconium_II_carbonate,1.42,chlorotrimethylsilane,3.15,0,0.00,oleylamine,1.90,oleic_acid,8.87,octadecene,10.00,acetic_acid,0.33,10.33,4.86,tauc_plot,0.17,21.30,TEM,10.1002/anie.202009101,80
Cs2SnI6,1.00,4.91,493,493,cesium_carbonate,0.08,just_one_B,0.00,tin_II_iodide,0.18,from_metal_salt,0.00,0,0.00,oleylamine,1.52,oleic_acid,1.84,octadecene,7.32,0,0.00,7.32,1.54,spectra,1.00,2.50,TEM,10.1021/acs.chemmater.6b01329,81
Cs2SnI6,1.00,4.91,493,493,cesium_carbonate,0.08,just_one_B,0.00,tin_II_iodide,0.18,from_metal_salt,0.00,0,0.00,oleylamine,1.52,oleic_acid,1.84,octadecene,7.32,0,0.00,7.32,1.48,spectra,5.00,3.00,TEM,10.1021/acs.chemmater.6b01329,81
Cs2SnI6,1.00,4.91,493,493,cesium_carbonate,0.08,just_one_B,0.00,tin_II_iodide,0.18,from_metal_salt,0.00,0,0.00,oleylamine,1.52,oleic_acid,1.84,octadecene,7.32,0,0.00,7.32,1.69,spectra,10.00,28.00,TEM,10.1021/acs.chemmater.6b01329,81
Cs2TiBr6,1.06,5.01,413,413,cesium_acetate,0.63,just_one_B,0.00,titanium_IV_isopropoxide,0.68,bromotrimethylsilane,4.13,0,0.00,0,0.00,oleic_acid,3.26,octadecene,2.00,0,0.00,2.00,2.00,tauc_plot,0.33,12.90,TEM,10.1039/d1tc01732b,82
Cs4SnI6,0.86,4.24,523,523,cesium_carbonate,0.03,just_one_B,0.00,tin_II_iodide,0.19,from_metal_salt,0.00,trioctylphosphine,1.12,oleylamine,0.30,oleic_acid,0.32,octadecene,5.00,0,0.00,5.00,3.00,DFT,0.25,18.00,TEM,10.1039/c9cc08216f,83
Cs4SnBr6,0.87,4.03,483,483,cesium_carbonate,0.03,just_one_B,0.00,tin_II_bromide,0.22,from_metal_salt,0.00,trioctylphosphine,1.12,oleylamine,0.30,oleic_acid,0.32,octadecene,5.00,0,0.00,5.00,3.33,DFT,1.00,19.00,TEM,10.1039/c9cc08216f,83
Cs4SnBr6,0.87,4.03,438,438,cesium_carbonate,0.25,just_one_B,0.00,tin_II_bromide,0.40,from_metal_salt,0.00,trioctylphosphine,0.90,oleylamine,0.15,oleic_acid,1.17,octadecene,13.16,0,0.00,13.16,3.48,tauc_plot,0.83,38.30,TEM,10.1039/D1NR06497E,84
Cs4SnI6,0.86,4.24,458,458,cesium_carbonate,0.25,just_one_B,0.00,tin_II_iodide,0.40,from_metal_salt,0.00,trioctylphosphine,0.90,oleylamine,1.28,oleic_acid,0.32,octadecene,13.16,0,0.00,13.16,3.11,tauc_plot,1.50,28.70,TEM,10.1039/D1NR06497E,84
Cs2TiBr6,1.06,5.01,363,363,cesium_carbonate,0.10,just_one_B,0.00,titanium_di_isopropoxide_bis(acetylacetonate),0.10,bromotrimethylsilane,4.57,0,0.00,oleylamine,2.00,oleic_acid,3.17,octadecene,8.00,0,0.00,8.00,2.05,tauc_plot,0.17,19.00,TEM,10.3390/nano11061458,85
Cs2TiBr6,1.06,5.01,408,408,cesium_carbonate,0.10,just_one_B,0.00,titanium_di_isopropoxide_bis(acetylacetonate),0.10,bromotrimethylsilane,4.57,0,0.00,oleylamine,2.00,oleic_acid,3.17,octadecene,8.00,0,0.00,8.00,2.00,tauc_plot,0.17,16.00,TEM,10.3390/nano11061458,85
Cs2TiBr6,1.06,5.01,458,458,cesium_carbonate,0.10,just_one_B,0.00,titanium_di_isopropoxide_bis(acetylacetonate),0.10,bromotrimethylsilane,4.57,0,0.00,oleylamine,2.00,oleic_acid,3.17,octadecene,8.00,0,0.00,8.00,1.90,tauc_plot,0.17,57.00,TEM,10.3390/nano11061458,85
Cs2TiBr6,1.06,5.01,518,518,cesium_carbonate,0.10,just_one_B,0.00,titanium_di_isopropoxide_bis(acetylacetonate),0.10,bromotrimethylsilane,4.57,0,0.00,oleylamine,2.00,oleic_acid,3.17,octadecene,8.00,0,0.00,8.00,1.85,tauc_plot,0.17,79.00,TEM,10.3390/nano11061458,85
Cs2TiCl6,1.08,4.76,458,458,cesium_carbonate,0.10,just_one_B,0.00,titanium_di_isopropoxide_bis(acetylacetonate),0.10,chlorotrimethylsilane,4.57,0,0.00,oleylamine,2.00,oleic_acid,3.17,octadecene,8.00,0,0.00,8.00,3.40,tauc_plot,0.17,31.00,TEM,10.3390/nano11061458,85
Cs3BiBr6,0.91,3.94,273,433,cesium_bromide,5.04,just_one_B,0.00,bismuth_III_bromide,0.56,from_metal_salt,0.00,0,0.00,oleylamine,4.56,oleic_acid,4.75,octadecene,20.00,0,0.00,20.00,3.05,spectra,60.00,14.20,TEM,10.1039/c9ra10106c,86
Cs3Cu2I5,0.97,4.59,343,343,cesium_carbonate,0.61,just_one_B,0.00,copper_I_iodide,6.00,from_metal_salt,0.00,0,0.00,oleylamine,18.24,oleic_acid,21.20,octadecene,107.30,0,0.00,107.30,3.92,tauc_plot,0.17,22.70,TEM,10.21203/rs.3.rs-798495/v1,87
Cs3Cu2I5,0.97,4.59,453,453,cesium_carbonate,0.40,just_one_B,0.00,copper_I_iodide,0.80,indium_III_iodide,0.40,0,0.00,oleylamine,2.43,oleic_acid,3.80,octadecene,11.60,0,0.00,11.60,4.30,spectra,0.33,30.00,TEM,10.1002/advs.202000195,88
Cs3Cu2Cl5,1.01,4.09,453,453,cesium_carbonate,1.50,just_one_B,0.00,copper_I_chloride,0.20,indium_III_chloride,0.40,0,0.00,oleylamine,3.04,oleic_acid,3.64,octadecene,5.60,0,0.00,5.60,4.38,spectra,0.33,24.00,TEM,10.1002/advs.202000195,88
Cs3Cu2Br5,0.99,4.28,473,473,cesium_carbonate,1.50,just_one_B,0.00,copper_I_bromide,0.20,indium_III_bromide,0.30,0,0.00,oleylamine,3.04,oleic_acid,3.64,octadecene,6.60,0,0.00,6.60,4.63,spectra,0.33,14.00,TEM,10.1002/advs.202000195,88
Cs3Cu2I5,0.97,4.59,373,373,cesium_carbonate,0.40,just_one_B,0.00,copper_I_iodide,0.80,zinc_iodide,1.20,0,0.00,oleylamine,4.56,oleic_acid,4.75,octadecene,15.00,0,0.00,15.00,4.42,tauc_plot,15.00,38.53,TEM,10.1039/d1qm00481f,89
Cs3Cu2Br5,0.99,4.28,373,373,cesium_carbonate,0.40,just_one_B,0.00,copper_I_bromide,1.25,zinc_bromide,1.20,0,0.00,oleylamine,4.56,oleic_acid,4.75,octadecene,15.00,0,0.00,15.00,4.35,tauc_plot,15.00,15.45,TEM,10.1039/d1qm00481f,89
Cs3Cu2Cl5,1.01,4.09,373,373,cesium_carbonate,0.40,just_one_B,0.00,copper_I_chloride,0.08,manganese_chloride,1.20,0,0.00,oleylamine,4.56,oleic_acid,4.75,octadecene,15.00,0,0.00,15.00,4.08,tauc_plot,15.00,23.80,TEM,10.1039/d1qm00481f,89
Cs2Cu3Br5,0.99,4.28,343,343,cesium_carbonate,0.18,just_one_B,0.00,copper_I_bromide,0.04,from_metal_salt,0.00,0,0.00,hexylamine,1.60,hexanoic_acid,3.12,octadecene,12.81,0,0.00,12.81,4.25,spectra,0.42,90.00,TEM,10.1021/acsanm.1c01642,90
Cs2Cu3Br5,0.99,4.28,343,343,cesium_carbonate,0.18,just_one_B,0.00,copper_I_bromide,0.04,from_metal_salt,0.00,0,0.00,nonylamine,1.60,nonanoic_acid,2.68,octadecene,12.81,0,0.00,12.81,4.37,spectra,0.42,25.00,TEM,10.1021/acsanm.1c01642,90
Cs2Cu3Br5,0.99,4.28,343,343,cesium_carbonate,0.18,just_one_B,0.00,copper_I_bromide,0.04,from_metal_salt,0.00,0,0.00,oleylamine,1.60,oleic_acid,2.20,octadecene,12.81,0,0.00,12.81,4.58,spectra,0.42,22.00,TEM,10.1021/acsanm.1c01642,90
Cs2Cu3Br5,0.99,4.28,343,343,cesium_carbonate,0.18,just_one_B,0.00,copper_I_bromide,0.04,from_metal_salt,0.00,0,0.00,oleylamine,1.60,nonanoic_acid,2.68,octadecene,12.81,0,0.00,12.81,4.40,spectra,0.42,32.40,TEM,10.1021/acsanm.1c01642,90
Cs3Cu2I5,0.97,4.59,383,383,cesium_carbonate,0.42,just_one_B,0.00,copper_I_iodide,1.22,from_metal_salt,0.00,0,0.00,oleylamine,9.12,oleic_acid,10.84,octadecene,21.78,0,0.00,21.78,4.10,tauc_plot,0.17,43.00,TEM,10.1021/acs.chemmater.9b03250,91
Cs3MnBr5,0.97,4.13,453,453,cesium_carbonate,2.46,just_one_B,0.00,manganese_II_acetate,1.42,bromooctadecane,2.93,0,0.00,oleylamine,3.04,oleic_acid,3.36,octadecene,10.74,0,0.00,10.74,3.35,spectra,1.00,95.70,TEM,10.1021/acssuschemeng.0c07911,92
CsSnI3,0.86,4.24,453,453,cesium_carbonate,0.03,just_one_B,0.00,tin_II_ethylhexanoate,2.47,trimethylsilyl_iodide,2.40,trioctylphosphine,0.77,oleylamine,0.61,oleic_acid,0.63,octadecene,6.00,0,0.00,6.00,1.87,spectra,1.00,26.00,TEM,10.1021/jacs.1c01049,93
CsSnI3,0.86,4.24,453,453,cesium_carbonate,0.03,just_one_B,0.00,tin_II_ethylhexanoate,3.46,trimethylsilyl_iodide,2.40,trioctylphosphine,0.77,oleylamine,0.61,oleic_acid,0.63,octadecene,6.00,0,0.00,6.00,1.87,spectra,1.00,33.00,TEM,10.1021/jacs.1c01049,93
CsSnI3,0.86,4.24,453,453,cesium_carbonate,0.03,just_one_B,0.00,tin_II_ethylhexanoate,3.95,trimethylsilyl_iodide,2.40,trioctylphosphine,0.77,oleylamine,0.61,oleic_acid,0.63,octadecene,6.00,0,0.00,6.00,1.87,spectra,1.00,37.00,TEM,10.1021/jacs.1c01049,93
CsGeI3,0.98,4.74,453,453,cesium_carbonate,0.01,just_one_B,0.00,germanium_II_iodide,0.08,from_metal_salt,0.00,0,0.00,oleylamine,0.61,oleic_acid,0.66,octadecene,5.19,0,0.00,5.19,1.60,tauc_plot,2.00,45.00,TEM,10.1002/asia.201800573,94
CsYbI3,0.90,4.17,453,453,cesium_carbonate,0.04,just_one_B,0.00,ytterbium_II_iodide,0.19,from_metal_salt,0.00,0,0.00,oleylamine,1.82,oleic_acid,2.06,octadecene,6.75,0,0.00,6.75,1.87,spectra,0.50,9.50,TEM,10.1002/adma.201901716,95
CsCdCl3,0.95,3.80,573,573,cesium_carbonate,0.14,just_one_B,0.00,cadmium_II_chloride,0.46,from_metal_salt,0.00,0,0.00,oleylamine,3.04,oleic_acid,4.56,octadecene,10.96,0,0.00,10.96,5.13,tauc_plot,0.02,100.00,TEM,10.1021/acs.inorgchem.0c01574,96
CsSnCl3,0.88,3.90,393,473,cesium_carbonate,0.06,just_one_B,0.00,tin_II_chloride,225.00,from_metal_salt,0.00,0,0.00,oleylamine,9.12,oleic_acid,10.11,octadecene,32.31,0,0.00,32.31,2.98,tauc_plot,0.02,300.00,TEM,10.1039/d1cp02666f,97
CsSnBr3,0.87,4.03,443,443,cesium_carbonate,0.40,just_one_B,0.00,tin_II_bromide,2.50,from_metal_salt,0.00,trioctylphosphine,5.61,oleylamine,1.22,oleic_acid,1.74,octadecene,12.00,0,0.00,12.00,1.76,spectra,1.00,25.00,TEM,10.1039/d0ra06139e,98
CsSnI3,0.86,4.24,443,443,cesium_carbonate,0.40,just_one_B,0.00,tin_II_iodide,2.50,from_metal_salt,0.00,trioctylphosphine,5.61,oleylamine,1.22,oleic_acid,1.74,octadecene,12.00,0,0.00,12.00,1.32,spectra,1.00,7.00,TEM,10.1039/d0ra06139e,98
CsEuCl3,0.88,3.94,523,523,cesium_carbonate,0.07,just_one_B,0.00,europium_III_chloride,0.40,from_metal_salt,0.00,trioctylphosphine,1.12,oleylamine,6.08,oleic_acid,1.05,octadecene,5.92,0,0.00,5.92,3.09,tauc_plot,45.00,15.00,TEM,10.1021/acs.nanolett.0c00692,99
CsSnCl3,0.88,3.90,423,423,cesium_carbonate,0.03,just_one_B,0.00,tin_II_chloride,0.13,from_metal_salt,0.00,0,0.00,oleylamine,1.52,oleic_acid,1.71,octadecene,5.36,0,0.00,5.36,2.80,spectra,0.08,18.00,TEM,10.1016/j.jhazmat.2020.123967,100
CsSnBr3,0.87,4.03,443,443,cesium_carbonate,0.40,just_one_B,0.00,tin_II_bromide,2.50,from_metal_salt,0.00,trioctylphosphine,5.61,oleylamine,1.22,oleic_acid,1.27,octadecene,12.00,0,0.00,12.00,1.85,spectra,1.00,8.40,TEM,10.1021/acsenergylett.1c00413,101
CsSnI3,0.86,4.24,513,513,cesium_carbonate,0.05,just_one_B,0.00,tin_II_oxalate,0.56,ammonium_iodide,1.12,0,0.00,oleylamine,6.08,oleic_acid,6.56,octadecene,8.73,0,0.00,8.73,1.23,spectra,0.17,10.42,TEM,10.1002/ange.202011569,102
CsSnBr3,0.87,4.03,513,513,cesium_carbonate,0.05,just_one_B,0.00,tin_II_oxalate,0.56,ammonium_bromide,1.12,0,0.00,oleylamine,6.08,oleic_acid,6.56,octadecene,8.73,0,0.00,8.73,1.81,spectra,0.17,11.04,TEM,10.1002/ange.202011569,102
CsSnCl3,0.88,3.90,513,513,cesium_carbonate,0.05,just_one_B,0.00,tin_II_oxalate,0.56,ammonium_chloride,1.12,0,0.00,oleylamine,6.08,oleic_acid,6.56,octadecene,8.73,0,0.00,8.73,2.58,spectra,0.17,11.64,TEM,10.1002/ange.202011569,102